{
  "detection_rate": 0.9868073878627969,
  "false_negative_rate": 0.013192612137203167,
  "false_positive_rate": 0.0,
  "precision": 1.0,
  "f1_score": 0.9933598937583002,
  "auc_roc": 0.9995860756637992,
  "mcc": 0.9915404911981796,
  "average_precision": 0.9987636687196852,
  "mean_latency_ms": 0.13332570224632453,
  "throughput_per_second": 7500.429273212904,
  "model_size_mb": 25.137226104736328,
  "confusion_matrix": {
    "tp": 748,
    "fp": 0,
    "fn": 10,
    "tn": 2690
  }
}